discovery_id,lat,lon,province,structural_setting,system_type,T_res_central,area_km2,n_cells,p_mean,p_std,dist_to_max_km,dist_to_nearest_qfault_km,dist_to_nearest_volc_km,mwe_p10,mwe_p50,mwe_p90
45,40.53315484615385,-116.77512926923076,Basin_and_Range,other,flash-plant grade (>=200 deg C),218.71716022491452,832.0,52,0.9995565414428712,0.0002419949887553,10.3,0.47939846013669535,349.30879338635964,480.7341235292703,1298.1695374508158,3331.390937017032
49,40.74026035714287,-114.78108967857142,Basin_and_Range,Eastern Nevada extension,flash-plant grade (>=200 deg C),231.3138771057129,448.0,28,0.9995258450508118,0.0002663587220013,18.1,3.442678351859047,316.2561912784067,335.250867510475,873.1978140681106,2162.398483177418
43,40.186025117647056,-115.27932270588236,Basin_and_Range,Eastern Nevada extension,flash-plant grade (>=200 deg C),216.8998330831528,272.0,17,0.9994982481002808,0.0003206538094673,17.3,2.668860696152831,388.8306749078311,144.092531290494,391.021873583294,1042.3438273209613
20,38.12959716666666,-112.68509566666668,Rocky_Mountain,other,binary-cycle grade (180-200 deg C),199.48737263679504,384.0,24,0.9995169639587402,0.0002669226087164,11.8,3.388124518384769,320.6910974892552,143.0912935797984,380.2193684908343,1008.3945992310609
75,42.42395199999999,-118.02433628571428,Other,other,flash-plant grade (>=200 deg C),222.6759624481201,224.0,14,0.999499499797821,0.0003147941606584,8.9,13.525976999480266,304.02096296551053,137.96749199661713,366.0634247503775,936.1464304576853
22,38.00356127272727,-114.60381890909092,Basin_and_Range,Eastern Nevada extension,flash-plant grade (>=200 deg C),232.5734770298004,176.0,11,0.9994949102401732,0.0002458324888721,21.9,3.4971487565138446,345.08157393839895,134.68287098012627,347.0207005696228,833.1121921371823
33,39.05884872222222,-123.30615422222225,Other,other,flash-plant grade (>=200 deg C),203.43878149986267,288.0,18,0.999508023262024,0.0003005181788466,8.6,11.262665323798084,219.28869639212652,115.10978340236336,304.6121071347632,788.1311938038268
54,41.11360276923077,-116.15993246153845,Basin_and_Range,Eastern Nevada extension,flash-plant grade (>=200 deg C),216.2095469236374,208.0,13,0.999487578868866,0.0003082323237322,23.9,0.06286154594322949,338.87249590396607,109.74587772465524,293.0107691130539,766.0513702234723
70,41.901006375,-120.737374125,Cascades,Cascades arc,binary-cycle grade (180-200 deg C),195.8647346496582,256.0,16,0.9995396137237548,0.0002667405642569,13.8,7.018551880812832,133.89711209157952,91.05335418215216,231.30421539597128,599.5462817767453
40,39.92431254545455,-118.49279190909093,Other,Walker Lane,flash-plant grade (>=200 deg C),213.74391555786133,176.0,11,0.9995133876800536,0.0003518354787956,5.0,1.4160241396108064,231.51081152781106,89.51784763760693,222.661168278449,628.2276979552379
18,37.8954369,-118.5081429,Other,Walker Lane,flash-plant grade (>=200 deg C),215.8303660154343,160.0,10,0.9995492696762084,0.0002360810321988,3.8,1.1835964923843916,38.49639524132071,85.60179359764737,221.9580376599293,611.9329410290637
39,39.5040115,-117.23306841666668,Basin_and_Range,Walker Lane,flash-plant grade (>=200 deg C),200.5433088541031,192.0,12,0.9995545744895936,0.0002953543735202,5.4,2.818375784789567,233.71513478119232,75.74611176115275,203.7089183377409,531.2959203568481
38,39.163197454545454,-118.0151980909091,Other,Walker Lane,flash-plant grade (>=200 deg C),205.3598117828369,176.0,11,0.999522626399994,0.0003144324582535,6.8,3.179887182056439,164.9853586289446,70.93433929882762,199.2308172307425,507.50676267583066
90,42.96550500000001,-118.226706,Other,other,flash-plant grade (>=200 deg C),238.3064103126526,80.0,5,0.9994955062866212,0.0003000015276484,24.3,3.4939067123199528,264.9008519707478,68.79820922356156,174.38574223912747,429.2617312585482
77,42.27080966666666,-118.98033516666668,Other,other,flash-plant grade (>=200 deg C),220.12805700302124,96.0,6,0.999460220336914,0.0003030645893886,7.1,4.819196993104081,246.62379465807834,57.98822058077707,151.55407872904613,393.2224327191259
26,38.34219744444445,-122.37323866666668,Other,other,binary-cycle grade (180-200 deg C),197.8701001405716,144.0,9,0.9994990229606628,0.0003191727155353,20.4,1.5459121961892002,249.67147534730023,54.21689266048275,140.09640202212356,372.46659329738543
96,43.56198260000001,-121.688401,Cascades,Cascades arc,flash-plant grade (>=200 deg C),221.46535396575928,80.0,5,0.9995468258857728,0.0001930020225699,23.1,0.8166082554973991,40.75042344966446,45.05541089765033,121.89514719862696,322.4824198706538
17,37.683435,-115.187165,Basin_and_Range,other,flash-plant grade (>=200 deg C),216.170506477356,80.0,5,0.999445915222168,0.0003488888032734,23.6,1.6132116344508036,284.6723018750836,42.05251493129638,112.90174660108198,308.7392229451989
41,39.93691242857143,-119.91399814285715,Other,Walker Lane,binary-cycle grade (180-200 deg C),188.9348530769348,112.0,7,0.9995349645614624,0.0002617852878756,10.6,0.3050261027797571,146.82106246900875,33.964839714183086,90.33453211054308,237.84675890717804
32,38.85124016666667,-116.75227866666668,Basin_and_Range,other,binary-cycle grade (180-200 deg C),194.96258199214932,96.0,6,0.9994781017303468,0.0002515015366952,23.7,6.048685613514894,217.24015545064475,34.18341055663792,86.57477067891543,229.8502282938751
35,39.036889333333335,-117.666952,Basin_and_Range,Walker Lane,flash-plant grade (>=200 deg C),208.1533378362656,48.0,3,0.9996561408042908,0.0001506237749708,6.0,3.9265901085798176,170.50861300178374,21.138344015202428,55.95062469996853,156.07399013454304
16,37.57563825,-118.245465,Other,Walker Lane,binary-cycle grade (180-200 deg C),193.28665494918823,64.0,4,0.9994896650314332,0.0003337085072416,11.4,8.938524002750396,55.53252042378458,20.725635697509368,55.3137708034504,144.2196377417595
93,43.12121266666667,-121.935445,Cascades,Cascades arc,flash-plant grade (>=200 deg C),202.0095807313919,48.0,3,0.999559223651886,0.0002199390437453,7.6,11.389657659109695,24.45828705787087,19.75382192881782,51.03543362293931,136.27738026630658
87,42.67804575,-120.9894965,Cascades,Cascades arc,binary-cycle grade (180-200 deg C),185.37789583206177,64.0,4,0.9994438886642456,0.0002937206299975,13.6,20.11669562484696,98.4261527821156,16.900324140467387,47.446278258216594,117.78352271055245
34,38.953048333333335,-118.917792,Other,Walker Lane,binary-cycle grade (180-200 deg C),198.61237347126007,48.0,3,0.9994294047355652,0.0002981226716656,6.8,0.7571808376376835,119.65036516840901,18.09262895512091,46.899728549899805,121.4648059929973
80,42.43849566666666,-120.18426666666666,Cascades,other,binary-cycle grade (180-200 deg C),197.71344602108,48.0,3,0.9995400309562684,0.0001678105472819,9.2,5.504122234422035,165.20305148300935,17.611851798522665,45.38256097660876,121.55201913433778
84,42.58821425,-121.82208649999998,Cascades,Cascades arc,binary low-T (130-180 deg C),178.30185890197754,64.0,4,0.9995429515838624,0.0002347896370338,5.1,9.771233102186077,46.39416738816817,14.148571895434984,40.50274608586812,104.43191408978548
102,43.99556833333333,-114.30532333333332,Snake_River_Plain,Snake River Plain hot-spot,binary-cycle grade (180-200 deg C),188.6099207401276,48.0,3,0.9995644688606262,0.0002063970750896,22.6,27.975744842018393,92.27840204190294,13.477620763247652,37.81957555214579,97.33480838419536
15,37.66383618181819,-117.12610795454545,Basin_and_Range,Walker Lane,district heating (90-130 deg C),113.60290050506592,352.0,22,0.9994828701019288,0.0003066243370994,15.6,0.42249186861436855,147.66869158894588,0.0,11.968184419172136,63.1286362860576
7,34.928614333333336,-116.41611333333331,Basin_and_Range,Eastern California shear,binary low-T (130-180 deg C),131.5701961517334,48.0,3,0.9994628429412842,0.0002174519031541,22.5,3.7387953240482004,170.41558208450746,0.571956294204055,5.117461432248417,22.972280991374863
8,35.141215249999995,-116.9086325,Basin_and_Range,Eastern California shear,district heating (90-130 deg C),91.73014491796494,64.0,4,0.9994463324546814,0.0002321945503354,22.4,6.859915873118415,125.76957503814819,0.0,0.0120470506699622,3.4305272414930865
24,38.39489830000001,-117.5934662,Basin_and_Range,Walker Lane,direct-use (<90 deg C),71.77367925643921,160.0,10,0.9995384216308594,0.0002657819422893,6.4,17.443763155855386,131.1021659227209,0.0,0.0,0.6857085755330433
6,34.02551040000001,-117.785785,Basin_and_Range,Eastern California shear,direct-use (<90 deg C),68.8983342051506,80.0,5,0.9994899034500122,0.0002513992949388,22.3,5.204598352550761,206.24766896085154,0.0,0.0,0.0825639810880166
