cluster_id,lat_centroid,lon_centroid,n_cells,area_km2,score_mean,uncertainty_mean,T_est_C,P10_MWe,P50_MWe,P90_MWe
5.0,27.165942464590835,-101.1502860973003,5403.0,86448.0,0.8080195188522339,0.07434631139039993,78.05217107137045,0.0,0.0,929.5053337236009
34.0,32.69852676967321,-94.98012285065265,4.0,64.0,0.7587212324142456,0.07813230156898499,80.64159393310547,0.0,0.0,1.1620416554305477
46.0,34.07188603073305,-97.71737487332817,34.0,544.0,0.7581561803817749,0.09040357917547226,80.76266606648763,0.0,0.0,10.343414604498951
31.0,32.482241079079216,-94.54413979036461,117.0,1872.0,0.7560900449752808,0.0968368723988533,84.30391947428386,0.0,0.0,56.91125831778956
15.0,29.910541766384977,-97.99142341092389,53.0,848.0,0.7468438744544983,0.10011660307645798,77.82271703084311,0.0,0.0,11.259581467488617
2.0,25.690770317320702,-99.22142268274209,58.0,928.0,0.7463803887367249,0.08804138749837875,74.46828206380208,0.0,0.0,6.622924863252684
22.0,40.21881475246277,-102.99913291074185,467.0,7472.0,0.7362356781959534,0.11507748812437057,56.68982823689779,0.0,0.0,0.0
54.0,41.268415379087735,-78.14737929665785,8.0,128.0,0.7356392741203308,0.11116363108158112,76.98528289794922,0.0,0.0,1.1672448000499913
52.0,41.2892048662804,-76.98802418480571,70.0,1120.0,0.7331609725952148,0.09909511357545853,79.97505187988281,0.0,0.0,17.067859298783013
14.0,29.747719448726837,-102.07838356968095,31.0,496.0,0.724079430103302,0.09707838296890259,81.25809987386067,0.0,0.0,8.874779918770454
19.0,30.052102048149607,-96.54810444198368,5.0,80.0,0.723138153553009,0.10607139766216278,74.73681131998698,0.0,0.0,0.6336954253036976
37.0,33.254435150289765,-91.28107582469224,43.0,688.0,0.7208276987075806,0.09838176518678665,80.52234013875325,0.0,0.0,13.804537370551817
56.0,41.864295125165114,-77.56685367161937,18.0,288.0,0.7196605205535889,0.10392149537801743,75.56297302246094,0.0,0.0,1.9918693975669486
32.0,32.467415803743705,-92.63132037557286,11.0,176.0,0.7175471782684326,0.09312596172094345,76.67902628580728,0.0,0.0,1.5140407079604963
11.0,28.974128638160362,-98.8697070277134,5.0,80.0,0.7143486738204956,0.09332026541233063,76.66758219401041,0.0,0.0,0.7310145533275836
38.0,33.14947897951871,-90.6001226235056,5.0,80.0,0.7121332883834839,0.12371118366718292,78.12206268310547,0.0,0.0,0.7794124749818497
40.0,33.22853036291792,-92.15685614029337,3.0,48.0,0.7116497159004211,0.11050903797149658,82.55746841430664,0.0,0.0,1.0411425438349116
41.0,33.32135585100033,-92.40806313842624,12.0,192.0,0.7111916542053223,0.11549407243728638,83.83317947387695,0.0,0.0,5.0149136993260415
42.0,33.51804322160076,-94.02982123852604,70.0,1120.0,0.710346519947052,0.1003066673874855,70.54658889770508,0.0,0.0,2.4575112624729525
44.0,33.61139678094859,-89.65590494529448,29.0,464.0,0.7077025771141052,0.10453707724809647,75.51722208658853,0.0,0.0,4.368457211917132
33.0,32.5997125404242,-93.48412893639853,4.0,64.0,0.7058840990066528,0.10100067406892776,77.47921625773111,0.0,0.0,0.6769390708363924
50.0,38.96574440052736,-80.38387145167688,3.0,48.0,0.6983442902565002,0.11250925064086914,79.8266092936198,0.0,0.0,0.7545445655467422
51.0,40.58954879113022,-79.21192920878822,7.0,112.0,0.6979964971542358,0.12215674668550491,83.02916208902995,0.0,0.0,2.725767158110419
27.0,31.97089471793047,-96.46486869036353,4.0,64.0,0.6966707110404968,0.13220825791358948,81.77963256835938,0.0,0.0,1.5100338900424126
36.0,33.00361986132758,-95.99286615489989,27.0,432.0,0.6952786445617676,0.10530945658683777,77.93779373168945,0.0,0.0,5.2597795272603065
45.0,34.13912811656046,-91.40592017014048,155.0,2480.0,0.6946847438812256,0.1067470833659172,74.87276713053384,0.0,0.0,15.32174485213296
1.0,25.587238848108427,-98.6100371925432,35.0,560.0,0.6924161911010742,0.10326529294252396,75.31488418579102,0.0,0.0,4.230193792206285
21.0,30.473709426278734,-96.01119635045187,3.0,48.0,0.689351499080658,0.10814628005027771,75.94532012939453,0.0,0.0,0.44777601018916846
47.0,34.03102167924326,-88.85742094093587,3.0,48.0,0.6885697841644287,0.10299863666296005,78.81542841593425,0.0,0.0,0.7727651163610821
8.0,26.165558749550875,-98.49795816405853,16.0,256.0,0.6855705976486206,0.10219460725784302,73.96992365519205,0.0,0.0,1.3972847554537111
0.0,25.42220625224579,-98.1070875736801,4.0,64.0,0.6847888827323914,0.08691027760505676,73.42892964680989,0.0,0.0,0.3594841814244284
39.0,33.156665468918646,-94.58644024163841,3.0,48.0,0.6812412142753601,0.10660561919212341,76.20671590169272,0.0,0.0,0.46663145257393285
10.0,28.620194035213892,-98.08459142459357,4.0,64.0,0.6811661720275879,0.13422472774982452,79.3581771850586,0.0,0.0,0.9069386561180284
20.0,30.345479909534916,-101.66081747790786,17.0,272.0,0.681101381778717,0.11603326350450516,78.24058532714844,0.0,0.0,3.538367101491062
35.0,32.923885703573134,-93.23471510956962,23.0,368.0,0.6807302832603455,0.10380472987890244,73.33522160847981,0.0,0.0,2.1933901919642746
49.0,38.815307222422206,-79.7281836929682,25.0,400.0,0.6789600849151611,0.11994783580303192,77.00619379679361,0.0,0.0,4.300352957791371
7.0,25.922266139657467,-98.30580355727777,3.0,48.0,0.6774186491966248,0.12896578013896942,73.31026077270508,0.0,0.0,0.2285671331812198
55.0,41.612767996167634,-77.33939260863337,3.0,48.0,0.6767920851707458,0.10299869626760483,75.0044059753418,0.0,0.0,0.31754454664858345
59.0,45.27787759013108,-86.51782143593692,3.0,48.0,0.6736295819282532,0.10219762474298477,57.70898501078288,0.0,0.0,0.0
4.0,25.732709462731815,-97.1783878537819,23.0,368.0,0.6689767241477966,0.1067073866724968,72.49284744262695,0.0,0.0,1.7656011933572056
29.0,32.07869205892939,-94.75741097469601,5.0,80.0,0.6617535948753357,0.10307104885578156,70.7581901550293,0.0,0.0,0.21146531010795824
30.0,32.087675170679304,-94.31648645260006,8.0,128.0,0.6609338521957397,0.12750592827796936,73.63248189290364,0.0,0.0,0.7217882434481725
12.0,29.157897438529954,-97.24741330501634,7.0,112.0,0.6596410870552063,0.12536413967609406,72.88748423258464,0.0,0.0,0.7372969421617981
26.0,31.767277518265832,-94.8413965979524,3.0,48.0,0.6592907905578613,0.12601254880428314,78.05833180745444,0.0,0.0,0.4475801284932126
13.0,29.144208887291995,-94.66142740526017,3.0,48.0,0.658078134059906,0.11305242776870728,58.495683670043945,0.0,0.0,0.0
6.0,25.90857758841951,-98.59718225020802,7.0,112.0,0.6562143564224243,0.1408757120370865,72.06886291503906,0.0,0.0,0.6643146709155942
3.0,25.658761528326764,-97.85588057554719,3.0,48.0,0.6543118357658386,0.10494804382324219,73.15957387288412,0.0,0.0,0.2628766600828671
43.0,33.45310815666569,-92.93297328377858,4.0,64.0,0.653515636920929,0.12584443390369415,75.97470601399739,0.0,0.0,0.5855528324256174
25.0,31.79123248293226,-93.27266513498516,5.0,80.0,0.6527469754219055,0.13458546996116638,74.24269358317056,0.0,0.0,0.3853968288094406
18.0,30.006587615283394,-89.08238243180115,3.0,48.0,0.643169641494751,0.12233364582061768,54.61473782857259,0.0,0.0,0.0
53.0,41.073781291173006,-80.20390225898466,3.0,48.0,0.643032968044281,0.13519875705242157,75.16030629475912,0.0,0.0,0.4160648119530599
28.0,31.997844053180202,-93.94529999267235,4.0,64.0,0.6429837346076965,0.12174869328737259,78.22179794311523,0.0,0.0,0.8390878477510724
48.0,37.586622863303035,-80.25960700910368,7.0,112.0,0.6421178579330444,0.12486729770898819,78.76925150553384,0.0,0.0,1.3267700863954255
57.0,44.726913402803234,-86.62923093617496,7.0,112.0,0.6420757174491882,0.11558287590742111,57.14297612508138,0.0,0.0,0.0
9.0,27.5368307581747,-98.85171010844418,5.0,80.0,0.636432409286499,0.12802857160568237,92.19746271769206,0.0,0.010864547561178094,4.328035863174865
16.0,29.850880344951616,-84.31694818363823,4.0,64.0,0.6356397867202759,0.12498029321432114,55.90242385864258,0.0,0.0,0.0
58.0,45.27308659719779,-87.36517638486283,10.0,160.0,0.6322880983352661,0.10963759571313858,54.644571940104164,0.0,0.0,0.0
17.0,29.970655168283756,-89.47231568263432,3.0,48.0,0.6261479258537292,0.11894873529672623,53.9172108968099,0.0,0.0,0.0
23.0,31.084561025272638,-81.11874565517014,6.0,96.0,0.6260071396827698,0.1306162029504776,55.50931612650553,0.0,0.0,0.0
24.0,31.665468918433515,-96.10493030497906,4.0,64.0,0.6194631457328796,0.13680654764175415,75.14544169108072,0.0,0.0,0.395938999584923
60.0,48.427955443766315,-102.64006161461555,3.0,48.0,0.6146960854530334,0.09814102202653885,64.09146308898926,0.0,0.0,0.0
