name,lat,lon
Geysers Unit 5-20,38.777,-122.745
Blundell,38.4889,-112.8533
Sonoma California Geothermal,38.7903,-122.7559
Bottle Rock Power,38.8348,-122.7677
Geothermal 1,38.752,-122.7195
Geothermal 2,38.7492,-122.7117
Desert Peak Power Plant,39.753999,-118.953497
Beowawe,40.5547,-116.6175
Mammoth G3,37.6455,-118.9096
Mammoth G1,37.6451,-118.9143
Mammoth G2,37.6464,-118.9092
CE Leathers,33.1779,-115.565
Del Ranch Company,33.1646,-115.616
Elmore Company,33.1777,-115.6033
Salton Sea Power Gen Co - Unit 3,33.158153,-115.638656
Ormesa III,32.7757,-115.2637
Coso Finance Partners,36.0372,-117.7981
Coso Power Developers,36.0192,-117.7917
Coso Energy Developers,36.0019,-117.7886
Salton Sea Power Gen Co Unit 1,33.158,-115.6475
Salton Sea Power Gen Co - Unit 2,33.1589,-115.6455
Calistoga Power Plant,38.7879,-122.7434
Vulcan-BN Geothermal Power Company,33.1633,-115.6167
Steamboat Hills LP,39.37,-119.766944
Stillwater Facility,39.547537,-118.555613
Ormesa I,32.8156,-115.2568
Amedee Geothermal Venture I,40.300833,-120.105
Dixie Valley,39.9663,-117.8557
Puna Geothermal Venture I,19.478976,-154.888362
Aidlin Geothermal Power Plant,38.8339,-122.881
Geo East Mesa II,32.7757,-115.2637
Second Imperial Geothermal,32.7144,-115.5356
Steamboat II,39.395603,-119.746762
Steamboat III,39.394444,-119.7475
Heber Geothermal,32.7146,-115.518
Ormesa II,32.7881,-115.2481
Salton Sea Power Gen Co - Unit 4,33.157,-115.6386
Salton Sea Power LLC - Unit 5,33.1533,-115.6384
CE Turbo LLC,33.1669,-115.5114
Brady,39.796032,-119.010013
Raft River Geothermal Power Plant,42.099417,-113.38245
Richard Burdette Geothermal,39.390843,-119.754593
Galena 2 Geothermal Power Plant,39.373189,-119.764507
Galena 3 Geothermal Power Plant,39.388722,-119.748908
North Brawley Geothermal Plant,33.0139,-115.5439
NGP Blue Mountain I LLC,40.9961,-118.1414
ENEL Salt Wells LLC,39.2944,-118.5725
Thermo No 1,38.160653,-113.194462
Jersey Valley Geothermal Power Plant,40.1808,-117.4739
McGinness Hills,39.5911,-116.9119
Tuscarora Geothermal Power Plant,41.4828,-116.1511
San Emidio,40.380556,-119.399722
John L. Featherstone Plant,33.204635,-115.573303
Neal Hot Springs Geothermal Project,44.023056,-117.46806
"Patua Acquisition Project, LLC",39.585833,-119.073056
Don A Campbell 1 Geothermal,38.836667,-118.323889
Enel Cove Fort,38.560278,-112.581111
"Lightning Dock Geothermal HI-01, LLC",32.144722,-108.838333
Paisley Geothermal Generating Plant,42.695833,-120.557778
Don A Campbell 2 Geothermal,38.835836,-118.325339
Tungsten Mountain,39.667002,-117.693658
McGinness Hills 3,39.5963,-116.8942
Whitegrass No. 1,39.163279,-119.180472
Soda Lake 3,39.5545,-118.85
CD4,37.646053,-118.915794
North Valley,40.37294,-119.4625
Star Peak Geothermal Plant,40.532133,-118.272015
10038,32.15327992,-108.8355389
16284,32.39786686,-109.3036395
18911,32.49464735,-106.9161001
23078,32.64122386,-115.7007733
25486,32.71464218,-115.5314414
26170,32.7340367,-115.1064586
27991,32.78808773,-115.2554304
28642,32.8064969,-115.021456
33432,32.9481691,-115.8101864
34131,32.96802959,-115.5332144
34543,32.98066118,-109.3453502
34789,32.98691962,-115.3414059
35449,33.00555713,-115.042844
36616,33.04049582,-109.4478016
37234,33.05849281,-115.5338504
37825,33.07598966,-115.6407339
38190,33.08670023,-109.2946341
42198,33.20285546,-115.5990324
42838,33.2212846,-115.5349992
43654,33.24447642,-108.8752387
43958,33.25402649,-116.0060899
50367,33.43739285,-115.6867133
78243,34.19226522,-117.2758886
94563,34.59388546,-118.9888003
128126,35.37724573,-117.5329988
138802,35.62193088,-118.4700317
145637,35.77694272,-106.6848048
148688,35.84530159,-106.6324424
150481,35.88585262,-116.2420636
150796,35.89231345,-106.5379065
158142,36.05592192,-117.779096
191653,36.79434377,-117.7627979
223453,37.48228387,-105.846435
229762,37.61816849,-119.0681106
230607,37.63629526,-114.5002663
230863,37.64172525,-118.9102291
231887,37.66427737,-113.5679659
231890,37.66430552,-118.7749557
231958,37.66591932,-105.6625953
232795,37.68392513,-106.8254878
235893,37.75037669,-117.6407933
236028,37.75346044,-108.1422723
236878,37.77194861,-105.8545292
239511,37.82872269,-117.3473965
240651,37.85258622,-117.872665
241237,37.8657809,-118.055685
243401,37.91146109,-117.6696548
244454,37.93429934,-113.6081216
247488,37.9975002,-119.021461
249075,38.03176513,-119.0691714
249765,38.04713537,-117.9949597
254930,38.15654545,-119.0993252
256079,38.18030681,-113.2138817
257836,38.2170884,-118.3461149
258812,38.23778597,-119.3335202
259051,38.2429204,-119.1961593
259490,38.25139889,-116.8341736
260868,38.28060158,-107.1010911
261688,38.29783533,-118.0286327
262511,38.31492902,-117.2948392
262696,38.3185293,-118.5576241
263008,38.32484323,-119.407836
264029,38.34628275,-118.8117462
267904,38.42653026,-115.5287503
270524,38.48073221,-118.5428719
271159,38.49420556,-106.0833501
271307,38.49713888,-112.837628
271816,38.5077467,-106.4977169
272755,38.5271741,-116.3810708
272939,38.53094413,-118.6605896
275063,38.57372325,-122.5627228
276280,38.59929416,-112.5579181
276778,38.60880907,-112.1887755
277016,38.61421858,-112.4190862
278403,38.64240672,-112.0951657
280584,38.6871584,-123.0150036
281302,38.70166759,-119.8706569
282960,38.73536265,-106.1683352
284376,38.76476359,-119.1814207
285754,38.79241797,-122.7952482
287111,38.82021759,-117.1728157
288532,38.84905688,-112.4797495
292140,38.92213823,-118.1948362
292224,38.92382978,-122.7171161
296874,39.01787634,-122.6578273
297614,39.03299039,-122.4268588
297794,39.03643913,-117.1332188
299775,39.07611688,-122.5944423
303886,39.16010103,-119.182091
306443,39.21181202,-118.7199351
307171,39.22631657,-107.2260725
311163,39.3065927,-118.5619974
311595,39.31556883,-117.5376888
312255,39.32836727,-116.8628067
312264,39.32873858,-116.8395307
314042,39.36462706,-116.8404884
314550,39.37543043,-118.6588198
315253,39.38956225,-119.7559653
316324,39.41126246,-119.6640996
316948,39.42375332,-118.241438
320483,39.49517454,-119.8100136
320807,39.50181062,-119.6468722
321510,39.51599625,-118.1523492
321857,39.52250628,-118.5498197
324018,39.56664731,-118.8560625
324614,39.57810513,-119.5350538
325362,39.59371403,-119.1149173
325548,39.59713939,-116.8934721
326074,39.60841174,-112.7324978
329196,39.67120981,-117.6912862
330958,39.70678642,-120.3172552
332734,39.7428015,-118.9597532
333402,39.75593915,-114.8127888
335327,39.79498618,-119.0096974
335816,39.8054539,-118.0718475
337374,39.83682254,-117.5100885
337857,39.84577742,-114.9063708
339933,39.88811234,-116.6432907
340260,39.89511046,-119.2270596
340424,39.89809367,-117.136613
341485,39.91885368,-119.063978
342297,39.93530326,-114.7653222
345060,39.99073496,-117.8449878
345118,39.9921328,-119.5154923
345162,39.99298291,-118.9977978
345208,39.99407305,-117.704012
348422,40.05896381,-117.9890899
348905,40.06864041,-118.8844522
349647,40.08320706,-117.7310961
352794,40.14695536,-119.6909033
354348,40.17813124,-117.4990889
356009,40.21127168,-118.916201
356851,40.22808069,-118.374178
360729,40.30634216,-120.1749487
363253,40.35694617,-120.2498288
363467,40.36136213,-117.3166836
364097,40.37384181,-119.3988798
364632,40.38403,-121.5077164
365398,40.39991597,-120.4900661
365571,40.40265048,-117.8859177
365900,40.41000537,-120.6567682
365911,40.410299,-116.5139995
367491,40.4416101,-121.4420741
372178,40.53623334,-118.2709703
372999,40.55253787,-106.8593058
373905,40.57082721,-116.5887239
374438,40.58115904,-115.2847412
375659,40.60601489,-117.6335434
378451,40.66234039,-119.370124
380407,40.70161107,-116.1404207
383421,40.7613079,-119.1147151
383838,40.77051904,-117.4972341
384119,40.77618461,-117.2119827
385914,40.81215747,-115.7853755
386915,40.83187712,-117.951913
388310,40.86034999,-119.3591298
391394,40.92184497,-117.097574
392528,40.9446204,-119.0066024
393657,40.96781183,-117.5045548
395584,41.00693558,-118.1267254
395978,41.01448273,-119.5602786
396473,41.02585335,-121.9289749
397699,41.05136248,-119.0368692
399051,41.08089173,-118.6799904
401114,41.12467204,-118.9934232
401852,41.14022943,-112.1784606
401969,41.14312754,-121.1020157
402587,41.15566864,-114.9762877
404223,41.19121136,-115.2873302
404417,41.1955722,-120.3874428
406556,41.24192872,-111.9345957
411422,41.34681109,-118.7906328
414227,41.40665525,-122.1852226
416792,41.46185053,-120.8422272
417271,41.47310213,-116.1535896
418215,41.49346476,-120.5559832
420081,41.53269077,-120.0774071
421674,41.56773504,-121.5751263
421772,41.56932992,-118.5624495
423398,41.60435333,-120.0828691
423850,41.61516776,-116.3005378
424150,41.62124759,-120.1082792
424848,41.6366725,-121.6302447
426429,41.67085689,-120.2086458
428482,41.71419727,-118.5219365
430494,41.75839539,-118.8382493
431683,41.78337061,-114.7105201
432122,41.79348121,-118.8644419
435732,41.87104326,-120.1517223
435768,41.87180869,-115.6286933
438194,41.92430262,-118.7025705
439393,41.9495729,-117.7595308
443326,42.03442221,-115.3636825
443760,42.04425999,-121.7440195
445208,42.07514343,-117.7647646
446158,42.09584192,-113.3750817
447326,42.12134633,-111.9181201
448156,42.13928377,-111.9172843
449727,42.17328134,-111.8428067
449771,42.17425811,-113.9802973
450301,42.18530972,-118.3769086
451115,42.20301541,-120.3723111
452059,42.2235852,-119.8871621
452868,42.24112792,-121.7641543
455386,42.29561258,-111.7152363
455593,42.30011886,-119.7710099
457505,42.34042926,-118.6041176
464969,42.50202945,-119.6634711
466724,42.54058907,-118.5173405
468126,42.57139866,-114.2917382
472715,42.67098791,-118.3529365
473210,42.6810553,-114.8289134
475454,42.73059947,-120.636401
480099,42.83121866,-111.0010396
482715,42.88830416,-111.7100345
484585,42.92898244,-115.9336289
484718,42.93155649,-115.491495
489677,43.03939375,-115.4677015
489744,43.04027612,-114.9509979
493005,43.11176267,-115.2957941
496539,43.18918405,-119.0460512
500978,43.28672157,-122.3686392
501248,43.29168053,-114.9014081
502797,43.32621554,-114.4070848
504762,43.36929138,-110.4479784
505342,43.38150827,-114.9260062
507357,43.42675868,-119.9282695
507804,43.43558343,-118.6401934
509129,43.46588363,-118.1957704
510841,43.50366119,-118.7680274
513469,43.5609714,-114.7769839
517133,43.64282268,-111.6965077
520015,43.70587376,-122.2918014
520138,43.70915742,-121.2450644
522303,43.75749155,-115.5724151
528313,43.89151728,-111.5839723
528477,43.89550146,-117.4936869
530883,43.94918413,-116.3476863
532740,43.99054316,-117.2226206
532982,43.99547452,-119.6467636
534143,44.02225633,-117.4486181
536634,44.07788095,-116.0503291
537802,44.10353883,-111.4475457
538326,44.11578622,-110.6956334
540044,44.15385473,-115.3005938
540651,44.16816801,-122.0932139
540834,44.17162899,-114.62463
541592,44.18892702,-122.0452637
544851,44.26183333,-114.7494726
546518,44.29906801,-117.0576491
546695,44.30366662,-116.7566448
549493,44.36704723,-115.8541391
551824,44.41966414,-116.0308013
553738,44.46212711,-110.8233917
558293,44.56593883,-115.6804393
561056,44.62859117,-110.4337643
563644,44.68760292,-116.2370811
568067,44.78762388,-121.9848743
571422,44.86459021,-121.2065415
576290,44.97594224,-116.191983
577778,45.00985441,-113.6048316
578286,45.02083306,-122.0105993
578511,45.02647899,-117.6143373
591358,45.32172354,-114.311849
592180,45.34035724,-114.4391608
593538,45.3722056,-111.7590773
593908,45.37980417,-121.71783
595091,45.40818819,-116.174618
601974,45.56819758,-111.672148
607235,45.69083039,-112.281475
611580,45.79175225,-115.2057039
622312,46.04350978,-112.807916
628601,46.19188155,-112.1044546
639161,46.44188939,-111.9889339
645371,46.58914374,-112.1119377
651890,46.74431081,-121.5524661
652436,46.75709461,-112.3650913
711840,48.16512823,-121.0373229
